chr,start,end,dot,num1,dot,num2,num3,mark
chr22,5111,5222,.,646,.,6.670449,13.6,-1
chr22,5333,5444,.,427,.,3.653884,2.0,-1
chr22,45000,45099,.,427,.,3.653884,2.0,-1
chr22,20000,22000,.,281,.,1.653115,10.8,-1
chr22,226000,226900,.,282,.,1.666534,2.5,-1