INT_ID,F1_ID,chr,start,end,F2_ID,chr_interaction,start_interaction,end_interaction,distance,interacting_read,logpvalue
F143-F44837,143,1,5000,10000,44837,1,5000,10000,223470000,5,6.421175
F144-F153,144,1,15000,20000,153,1,15000,20000,45000,13,7.197045
F152-F153,152,1,20000,25000,153,1,20000,25000,5000,131,11.427631
F152-F175,152,2,25000,30000,175,2,5000,10000,115000,8,4.723741
F152-F175,152,3,40000,45000,175,3,45000,50000,115000,8,4.723741